{"cameraMode":{"drawMode":0,"name":"Shaded","section":"Shading Mode"},"sceneLighting":true,"audioPlay":false,"sceneViewState":{"m_AlwaysRefresh":false,"showFog":true,"showSkybox":true,"showFlares":true,"showImageEffects":true,"showParticleSystems":true,"showVisualEffectGraphs":true,"m_FxEnabled":true},"in2DMode":false,"pivot":{"x":1.383453130722046,"y":1.8749371767044068,"z":0.006268978118896484},"rotation":{"x":0.08243974298238754,"y":0.14300388097763062,"z":-0.011953908018767834,"w":0.986211895942688},"size":4.175930500030518,"orthographic":false}